instance,final_energy,variance,inverse_num_params
0,-72.65501679450594,0.009768184413574667,6.944926731022988e-05
0,-72.6613809149239,0.011502654238161046,3.426652503169654e-05
0,-75.68773771283301,0.02797641167002031,3.265519380857525e-05
0,-75.70212525672694,0.008687010441543179,2.3798191337458354e-05
0,-75.72472560378105,0.015314529126537777,4.926108374384237e-05
0,-75.70633982548327,0.00885307399614951,3.8875714341251024e-05
0,-72.66939838694066,0.01359646665327299,3.0102347983142685e-05
0,-72.66215503348093,0.028833469495838274,3.34459346466437e-05
0,-72.66047400773212,0.02099132849196992,3.2270556344391374e-05
0,-75.70541287689387,0.02030678530225832,4.099200655872105e-05
0,-67.95106014487924,0.02540431899342825,3.426652503169654e-05
0,-72.6865381741363,0.030953818141842428,4.269854824935952e-05
0,-72.66495656497804,0.019673839453942743,4.154894465680572e-05
0,-74.65850894394912,0.015551642079026293,4.451765124872012e-05
0,-75.70996698362828,0.015602935210203426,4.211767678894832e-05
0,-75.6974132512543,0.014496010199625473,4.044652968775279e-05
0,-75.68032538857084,0.04373884001139208,1.830831197363603e-05
0,-74.25231378410719,0.006398391486167166,3.6003600360036005e-05
0,-75.69319604031449,0.024122132154280045,4.32919173990216e-05
0,-72.6549484306756,0.010459821493934287,2.356101123860236e-05
0,-75.67341239115488,0.004000506991324421,5.076142131979695e-05
0,-75.70065827106065,0.024247358717649267,3.6003600360036005e-05
0,-75.73190592506958,0.03441751511923763,4.389815627743635e-05
0,-75.69448023119612,0.01548325580032876,5.3149083178315176e-05
0,-72.67917649452943,0.006812311481025596,3.0102347983142685e-05
0,-72.6623355891457,0.017580046623024224,4.5798030684680556e-05
0,-70.0950532219045,0.04270707949070782,4.7828582360818826e-05
0,-72.63296169755455,0.04853642867850683,4.6459765842780154e-05
0,-72.67772442520953,0.017748276929834078,6.044852807834129e-05
0,-75.71064033764262,0.032721303064773645,3.6003600360036005e-05
0,-72.68975305524879,0.01161056084973612,3.265519380857525e-05
0,-72.63837351718814,0.03127008389026521,4.389815627743635e-05
0,-75.72232198481616,0.023135790901501113,6.35970490969219e-05
0,-72.65736229947274,0.036197193326791284,4.5798030684680556e-05
0,-69.93323292447567,0.03454187011595951,3.5556819798037265e-05
0,-72.65386960055977,0.011206794388001616,6.821282401091406e-05
0,-72.65854185920355,0.02686001563625588,6.35970490969219e-05
0,-75.69602840995046,0.026452809306038015,4.451765124872012e-05
0,-74.69626911526858,0.009787734872807319,4.32919173990216e-05
0,-72.67222113078768,0.031740851625237945,6.35970490969219e-05
0,-72.66635624912973,0.01608593021538185,3.938868756893021e-05
0,-72.65942375417366,0.0421499650086942,5.153842189352162e-05
0,-75.70985883914489,0.04075747322656344,3.938868756893021e-05
0,-72.67237461092907,0.025146260401092663,5.076142131979695e-05
0,-75.71968309929453,0.017556131045166533,6.35970490969219e-05
0,-72.6725357528342,0.01503236607520396,3.837298541826554e-05
0,-72.67342662994398,0.02419357817673287,3.8875714341251024e-05
0,-75.70570288120406,0.01756078332997243,3.0799556486386595e-05
0,-67.9027521749015,0.015284196003000364,2.5834452826289138e-05
0,-74.65477230436656,0.03635761024014301,3.265519380857525e-05
0,-75.69436029704306,0.01924416956192781,5.7537399309551206e-05
0,-72.65662355874181,0.029116603700246373,2.199736031676199e-05
0,-72.64222574344544,0.04012462387695137,6.701065469409636e-05
0,-74.84640802039593,0.04031214178334215,0.00012653422750854106
0,-72.65740904396282,0.016945100669106185,3.468849729429721e-05
0,-73.8630226520788,0.03432941500714772,7.203054094936253e-05
0,-75.69203029710116,0.020455260758881134,7.476635514018692e-05
0,-72.65427480079252,0.014686637374325106,5.153842189352162e-05
0,-66.93050023069816,0.021593706771340926,2.47843759294141e-05
0,-72.65682567670721,0.031123061487258477,4.32919173990216e-05
0,-66.45432262635399,0.014234414710911102,5.7537399309551206e-05
0,-72.66277983708244,0.009099765048843557,5.571651437486071e-05
1,-71.6373594240488,0.022273484076008567,5.398402072986396e-05
1,-71.62925428850717,0.01229100104335546,2.5834452826289138e-05
1,-71.63357094670432,0.02378042795154798,3.044788843893676e-05
1,-65.24105678394669,0.008409300165929643,6.147037128104254e-05
1,-71.65362348098867,0.01494556615125765,2.5301082886347536e-05
1,-71.62802169536994,0.02551305603000719,3.837298541826554e-05
1,-71.65543862320614,0.02809834888031635,3.5556819798037265e-05
1,-71.62337645612561,0.03484339659717629,3.7397157816005985e-05
1,-71.42183000490073,0.024290029707118757,2.8461647929415115e-05
1,-71.61346911285062,0.04769622502773952,2.0024028834601522e-05
1,-71.62092765692114,0.026953087335152455,2.8149983110010135e-05
1,-71.63574867867875,0.015320057250878582,2.8461647929415115e-05
1,-67.4224998621563,0.02329602750778231,4.269854824935952e-05
1,-71.62769502898716,0.01272492395216632,3.2270556344391374e-05
1,-69.52871665481968,0.015603025095830676,3.3852403520649966e-05
1,-70.3614546655372,0.029436569803580212,3.938868756893021e-05
1,-71.6282088551381,0.012280638204573384,2.55656397801355e-05
1,-70.59942888739953,0.014595111793694528,3.468849729429721e-05
1,-71.61634578148357,0.016275501888436135,3.3852403520649966e-05
1,-71.43281389526548,0.03687447772499061,3.3852403520649966e-05
1,-71.64071340053331,0.016499063361486422,3.189284005740711e-05
1,-71.64871046591978,0.016862969725660003,3.265519380857525e-05
1,-62.60191572242293,0.016247423150292678,3.0799556486386595e-05
1,-71.6216383532182,0.031125665609457277,2.8461647929415115e-05
1,-71.64622236545294,0.029323950315192075,3.2270556344391374e-05
1,-71.63341737567038,0.015647326360926035,2.5834452826289138e-05
1,-71.64196860215844,0.008288476602604768,2.47843759294141e-05
1,-71.64189170970317,0.023601280788568803,3.3852403520649966e-05
1,-71.64323179087813,0.026065117486642232,3.5556819798037265e-05
1,-71.63316110817736,0.03332684959801131,3.9912193175014965e-05
1,-71.61905701209281,0.036903461750228364,2.7843519420854795e-05
1,-71.65521594125286,0.016315540519176806,4.154894465680572e-05
1,-71.64877939600288,0.03008238210696808,3.6459092897768706e-05
1,-71.62560481497738,0.02399077590670361,3.426652503169654e-05
1,-67.97785199195476,0.02563097545020996,2.942907592701589e-05
1,-71.63010850697901,0.0252471198354721,3.189284005740711e-05
1,-71.54898347227547,0.012455064098873718,5.6615523976674406e-05
1,-71.61497637540987,0.034175510772418684,3.304692663582287e-05
1,-71.64436519781839,0.02174207140399987,3.1157501168406295e-05
1,-71.63926581040818,0.017134320047487023,3.6459092897768706e-05
1,-71.64082043245378,0.0165152911360251,2.877863474156786e-05
1,-71.63869729831588,0.010329526691479234,3.1157501168406295e-05
1,-71.60828671991344,0.03844629949399678,2.724572923194289e-05
1,-71.64347194962902,0.013641133819317587,3.6459092897768706e-05
1,-70.94961853386451,0.016054305144648732,3.8875714341251024e-05
1,-71.64620515508877,0.00816628307983028,3.468849729429721e-05
1,-71.65354885602261,0.012327582349101685,3.0102347983142685e-05
1,-70.04540428805265,0.028930433526967753,3.938868756893021e-05
1,-69.2794190002865,0.005937718247123304,3.044788843893676e-05
1,-71.61233654305259,0.023546067301904696,3.304692663582287e-05
1,-71.62021797376781,0.009606213169625353,3.788022273570969e-05
1,-71.62273883126258,0.02032737966562695,3.788022273570969e-05
1,-70.34284187070509,0.042674530647589935,3.152187618207036e-05
1,-71.63193989878879,0.02006787921400197,3.189284005740711e-05
1,-71.65520537002543,0.021508677025570768,3.837298541826554e-05
1,-71.62794567547365,0.00613260406265522,5.153842189352162e-05
1,-71.63735276385651,0.020318992051484734,1.6666944449074153e-05
1,-71.62352059987208,0.011319377361755024,1.9841663525069943e-05
1,-68.92690116918271,0.027800358984909776,2.4039039399985578e-05
1,-71.62526978865398,0.019811992933750355,2.356101123860236e-05
1,-71.62791008009009,0.019588202773659438,7.619628162145687e-05
1,-70.83037603395755,0.018317016718259797,3.9912193175014965e-05
1,-71.62622543601924,0.01938288425609434,4.6459765842780154e-05
1,-71.64794670519211,0.020219491059625193,4.515080368430558e-05
1,-70.2007761157515,0.01609584058943791,4.451765124872012e-05
1,-71.63249577047598,0.02430490455081868,5.398402072986396e-05
1,-71.31576729224373,0.02162601787617582,2.55656397801355e-05
1,-71.64283771651083,0.021461058472710955,3.044788843893676e-05
1,-71.65656922930663,0.01643560507135973,2.877863474156786e-05
1,-72.37943643411793,0.014739040307844044,4.7828582360818826e-05
2,-73.96964358763677,0.01938704670818224,6.944926731022988e-05
2,-66.47265509226341,0.01478880526368409,3.426652503169654e-05
2,-75.5337521259383,0.017428702134560152,4.32919173990216e-05
2,-75.03269834583273,0.018205223567749482,3.6003600360036005e-05
2,-75.05153525808997,0.018326379177926844,3.938868756893021e-05
2,-74.8856603263805,0.04301851940509041,3.788022273570969e-05
2,-75.53622999664316,0.01342318576023356,2.7542139473394292e-05
2,-75.01496164358221,0.017377342875785382,2.4283632831471587e-05
2,-74.84596678884004,0.032129065297325385,1.8633077439069838e-05
2,-67.72026615970606,0.022931009667874952,6.470397929472663e-05
2,-75.02974233090414,0.01366964121511647,3.0102347983142685e-05
2,-74.86064583273566,0.04666722843989986,3.304692663582287e-05
2,-74.87458499548462,0.03939532195262911,2.8149983110010135e-05
2,-74.88020097146226,0.023608871700432923,2.0779652564209126e-05
2,-75.55805135518854,0.015130935892211164,2.1579628830384117e-05
2,-75.05178408419286,0.03127305730897184,4.451765124872012e-05
2,-74.86404556385281,0.015370030474412424,4.154894465680572e-05
2,-75.0475078680773,0.019611299326101693,3.044788843893676e-05
2,-75.03995425301837,0.0056344733052339745,4.211767678894832e-05
2,-74.87713689233198,0.037624315105144454,2.1786967036318875e-05
2,-74.87984967789279,0.04605689617561377,2.097535395909806e-05
2,-75.02710806473426,0.02947257371181611,2.5834452826289138e-05
2,-75.03851173221621,0.02123340496474987,3.788022273570969e-05
2,-73.6485056593943,0.03810186987706883,3.426652503169654e-05
2,-74.85930221485052,0.021725063464076114,3.788022273570969e-05
2,-69.22225993688755,0.024266149612978148,3.6459092897768706e-05
2,-75.56369056343112,0.006642833985097209,4.713646005185011e-05
2,-74.8807609460211,0.027863336117301393,3.152187618207036e-05
2,-74.85204101547444,0.024032612787314576,3.468849729429721e-05
2,-74.86807371164454,0.04897782322935008,2.8149983110010135e-05
2,-74.82385307279942,0.0301876641989944,3.426652503169654e-05
2,-75.03918753639687,0.035816060043727324,4.044652968775279e-05
2,-75.55477860829708,0.012404566205558798,3.837298541826554e-05
2,-74.96147777114962,0.02768514222849585,4.926108374384237e-05
2,-75.04505893668995,0.025009157519287638,3.468849729429721e-05
2,-74.85711281133149,0.03190740758443665,4.154894465680572e-05
2,-74.84938210525706,0.018312313482651103,4.154894465680572e-05
2,-74.85198523870915,0.018133253793849606,3.7397157816005985e-05
2,-75.05673953807907,0.028227106915498734,4.926108374384237e-05
2,-74.9082754195507,0.023935777826640275,3.6459092897768706e-05
2,-75.01576358844858,0.006784956726585925,3.3852403520649966e-05
2,-75.02478490529398,0.012859840703484109,3.189284005740711e-05
2,-75.03619462553692,0.01356256524464423,4.099200655872105e-05
2,-73.18659368643921,0.015170434143352096,3.426652503169654e-05
2,-74.90674217749927,0.04145386509647468,4.5798030684680556e-05
2,-70.30607715909628,0.0495905637389882,3.265519380857525e-05
2,-74.88320963224021,0.037946028402482054,2.942907592701589e-05
2,-74.76135015205132,0.013609576735905564,5.945303210463734e-05
2,-74.87097238916891,0.029565288576850184,3.34459346466437e-05
2,-75.03388613257002,0.0364428584127343,1.8966694484485244e-05
2,-66.71038891626606,0.003934328459506657,2.4039039399985578e-05
2,-70.19554535261577,0.016752913732444797,4.8536620880454306e-05
2,-75.0467583515366,0.04051817875882696,1.913692469620132e-05
2,-75.01724070305937,0.027379848250323982,2.221086999977789e-05
2,-72.69297721718092,0.04584783533254182,3.938868756893021e-05
2,-65.59182606754666,0.007971948906769975,3.6003600360036005e-05
2,-75.02177438373644,0.016280211533677733,6.35970490969219e-05
2,-74.86898406122243,0.03801983438164775,2.199736031676199e-05
3,-71.13631859935289,0.04704583722833281,9.128251939753537e-05
3,-70.20245390050916,0.019763604705814078,5.076142131979695e-05
3,-71.73926150138354,0.023568766356054947,9.957184108334163e-05
3,-75.91887182452822,0.04619946603308728,4.926108374384237e-05
3,-75.84855643163394,0.023351743106446797,5.3149083178315176e-05
3,-66.19155965364428,0.009107032206010952,4.154894465680572e-05
3,-75.84116408905373,0.03253662276173035,4.8536620880454306e-05
3,-71.75504470459992,0.0455202952483406,4.515080368430558e-05
3,-75.85708486298,0.04512410429383784,6.821282401091406e-05
3,-75.8442269106639,0.04864352984360017,4.7828582360818826e-05
3,-71.70264926214077,0.022255774561729717,4.269854824935952e-05
3,-75.87178611877698,0.0265462234127753,7.33783387144115e-05
3,-75.85511672902891,0.04185392945759889,5.3149083178315176e-05
3,-75.84650212409917,0.031988565417355515,8.237232289950576e-05
3,-75.8615039223308,0.015891547690277816,8.404067568703252e-05
3,-71.01344668060342,0.01404470403644393,7.33783387144115e-05
3,-75.86678887606654,0.01845211226745677,8.075587498990552e-05
3,-75.85419717617872,0.01946176987356867,0.00011731581417175035
3,-68.8586275041191,0.013403854240611822,6.35970490969219e-05
3,-75.85572915258841,0.03365634098648469,9.528346831824679e-05
3,-70.4124315107963,0.02123911078272179,7.619628162145687e-05
3,-71.72493628938206,0.012948938646570755,0.00010660980810234541
3,-71.65748578910285,0.04909442050529778,6.821282401091406e-05
3,-75.87267621338883,0.0380033379882539,7.203054094936253e-05
3,-74.67436960948984,0.03594893359896241,7.072135785007072e-05
3,-75.84952988815988,0.0479337973883766,9.128251939753537e-05
3,-75.86688188141426,0.047533559902649035,7.33783387144115e-05
3,-75.88212604448961,0.02649375851573697,6.251953735542357e-05
3,-75.86026254069971,0.046720220954909915,7.619628162145687e-05
3,-75.85590572506345,0.019904356931080815,0.00010417751849150954
3,-70.25962628566494,0.0011330876516512426,6.251953735542357e-05
3,-70.35112320410494,0.03663778504755755,4.044652968775279e-05
3,-75.84720343257621,0.01863480661683556,0.00010660980810234541
3,-70.41167476806845,0.030901069969510857,4.8536620880454306e-05
3,-75.85530205139128,0.02076580483726088,5.000250012500625e-05
3,-66.33879872068015,0.0267585719995918,8.237232289950576e-05
3,-71.7217124583275,0.01531417404918813,6.044852807834129e-05
3,-72.52930869104057,0.02600084913961423,5.6615523976674406e-05
3,-70.55547600183624,0.028639671461941674,9.324878776575905e-05
3,-70.32536884732613,0.03959066353617891,7.476635514018692e-05
3,-75.83264760773855,0.03746536163550451,8.075587498990552e-05
3,-70.31983523568817,0.04269472839983299,7.33783387144115e-05
3,-72.5325219485977,0.028162507265945755,8.075587498990552e-05
3,-71.79458369705256,0.02405501708209517,5.571651437486071e-05
3,-75.86962728705963,0.03581898183535364,8.93814801573114e-05
3,-75.83633593987349,0.04126786370375492,0.00012026458208057727
3,-75.87240179401384,0.03804832469101457,9.528346831824679e-05
3,-71.71485457904815,0.008714636516657048,6.251953735542357e-05
3,-70.88768685743423,0.038624576938425,6.044852807834129e-05
3,-70.33105026523626,0.04024194670018506,5.4839594187003014e-05
3,-75.86277742427109,0.012282837792331153,6.470397929472663e-05
3,-75.85882669787665,0.019590421400085035,6.821282401091406e-05
3,-75.85239869385367,0.027694110295298176,5.6615523976674406e-05
3,-75.8660129998303,0.015517925124932039,0.00010913456291607552
3,-72.46172937536589,0.014164496394700337,0.00010913456291607552
3,-68.03088718160822,0.024530066114404267,0.00010417751849150954
3,-71.70031995752596,0.03667739318026263,8.93814801573114e-05
3,-75.86595284011125,0.022265572689382715,4.7828582360818826e-05
3,-75.87837168775783,0.022845796940867205,8.404067568703252e-05
3,-75.87452003831336,0.02091980971985865,3.044788843893676e-05
3,-71.71655026552418,0.03935633115389134,4.389815627743635e-05
3,-75.84000818594643,0.014369331712565114,2.8149983110010135e-05
3,-74.72183005829638,0.012076202239648002,0.00012987012987012987
3,-75.85381142550625,0.029883328250268574,8.075587498990552e-05
3,-75.87061830597713,0.034709465656417846,9.738994935722633e-05
3,-66.50372125394728,0.02940184036099657,7.766990291262136e-05
3,-71.70407244510122,0.044943917515310176,3.837298541826554e-05
4,-80.02870477466732,0.0034251859980178228,3.265519380857525e-05
4,-80.02607818746597,0.000555706150339827,6.944926731022988e-05
4,-80.01985213211898,0.005716082619083334,3.1157501168406295e-05
4,-80.00675463987419,0.03437458315069144,2.9762790559242836e-05
4,-80.02342293868006,0.03482443421593201,3.0799556486386595e-05
4,-73.70250939448857,0.007768401049937712,5.076142131979695e-05
4,-80.02627024467384,0.001523845648999486,3.426652503169654e-05
4,-71.02694953114889,0.008278515432960026,3.837298541826554e-05
4,-80.02865834278275,0.0014669454950054141,3.7397157816005985e-05
4,-72.14322744961657,0.031113707179256832,2.9762790559242836e-05
4,-80.03824273353149,0.022387724666879015,4.926108374384237e-05
4,-80.01616466362232,0.008198972575858159,4.7828582360818826e-05
4,-80.01000979072396,0.01875270651805725,6.147037128104254e-05
4,-80.02485217198848,0.01734888118844109,5.398402072986396e-05
4,-80.02355662622729,0.01447039790230098,5.571651437486071e-05
4,-80.03548059786196,0.00655485482215807,4.099200655872105e-05
4,-80.0237899848818,0.005620706922100914,5.4839594187003014e-05
4,-72.15411501111548,0.033083935050404675,4.713646005185011e-05
4,-80.0307011914623,0.03166283498301255,4.099200655872105e-05
4,-80.02114044579184,0.002917631570521149,4.154894465680572e-05
4,-80.01100766562136,0.02504566006236498,4.6459765842780154e-05
4,-80.02347228320883,0.018407524520306397,4.389815627743635e-05
4,-80.02919055621228,0.02785722909221665,5.153842189352162e-05
4,-80.01969271486605,0.002200887882485009,4.32919173990216e-05
4,-80.02840396577123,0.009461523940960885,5.398402072986396e-05
4,-76.18489783875553,0.004391992614987346,5.398402072986396e-05
4,-80.0142126466239,0.028932881682225534,6.044852807834129e-05
4,-80.03102696637005,0.0044521124173295835,6.35970490969219e-05
4,-80.02909660791046,0.010163343822696257,4.926108374384237e-05
4,-80.03514463456499,0.007157391209027425,3.8875714341251024e-05
4,-80.01702046492001,0.04629024871303618,3.8875714341251024e-05
4,-80.01976326151272,0.0006990021715793155,5.6615523976674406e-05
4,-80.03216414573204,0.018990421345752406,5.076142131979695e-05
4,-75.71550284632882,0.03420891372873893,4.32919173990216e-05
4,-80.02496201935617,0.009013974297823576,4.8536620880454306e-05
4,-80.02532842342532,0.009692787820183256,4.451765124872012e-05
4,-80.01435895399854,0.03349147750389855,4.211767678894832e-05
4,-80.03945923136769,0.014507147964899426,4.713646005185011e-05
4,-80.02546008554114,0.019326771131873095,4.8536620880454306e-05
4,-80.02610908373768,0.02516898701259295,3.8875714341251024e-05
4,-80.04213829258295,0.010940651510490762,5.6615523976674406e-05
4,-80.03078223145573,0.025600460710230227,5.3149083178315176e-05
4,-80.03567489388638,0.020230856815510893,4.211767678894832e-05
4,-80.02099796464123,0.03734408509334271,4.044652968775279e-05
4,-80.04160455257687,0.030586666186676097,3.9912193175014965e-05
4,-70.8160931498908,0.04347719498620245,3.6003600360036005e-05
4,-80.02929919188017,0.04293805790926842,3.468849729429721e-05
4,-79.98895705535196,0.04978915776700617,4.154894465680572e-05
4,-72.39920792867838,0.04774411949324325,4.8536620880454306e-05
4,-80.01491528327664,0.042608588456607505,3.5556819798037265e-05
4,-80.02878812651278,0.020846851432396705,4.044652968775279e-05
4,-80.02654600404978,0.0325687425962823,4.451765124872012e-05
4,-80.03888044440768,0.029978127010820376,3.426652503169654e-05
4,-80.02774195530165,0.004852124509428426,3.7397157816005985e-05
4,-80.0143134852847,0.01133339984472196,8.576329331046312e-05
4,-80.02544247199461,0.008181204700094494,7.33783387144115e-05
4,-80.01112212684879,0.03782518014402036,6.584145377929945e-05
4,-80.01089627650134,0.045738510403127645,3.938868756893021e-05
4,-80.02615870883743,0.0002102916858848058,5.8482952219428036e-05
4,-80.01364875709979,0.024689231636686057,3.938868756893021e-05
4,-80.02072340060728,0.008491879537275288,3.837298541826554e-05
4,-80.03217197989585,0.004502912638861897,0.00012653422750854106
4,-80.02273462754233,0.020420454330272245,9.957184108334163e-05
4,-80.02242187362603,0.006373990363513469,8.237232289950576e-05
4,-80.0193082836598,0.003065928246988194,8.93814801573114e-05
4,-80.02043578363634,0.03177933464353376,8.404067568703252e-05
4,-76.71189280384439,0.028179765742876926,6.251953735542357e-05
4,-72.22899109475328,0.036312630300105536,2.5834452826289138e-05
4,-80.02426471890868,0.00035135419328269466,3.265519380857525e-05
4,-80.02473345698317,0.0011992605117421451,3.152187618207036e-05
4,-80.02612306088375,0.0013972949718364107,9.957184108334163e-05
5,-72.53035281433426,0.049220024518134384,4.044652968775279e-05
5,-73.54689580758975,0.03945703519603054,2.4283632831471587e-05
5,-73.57879053888811,0.04504745823883331,2.4532051124794544e-05
5,-65.060397537922,0.0318623374399179,2.9101068009195936e-05
5,-73.53711522760894,0.04262970729916003,2.6667377796741245e-05
5,-73.59512514281705,0.025265085678272646,3.6003600360036005e-05
5,-73.55318830804367,0.035573203321825494,3.8875714341251024e-05
5,-73.57726763415064,0.017566809450532305,4.926108374384237e-05
5,-73.58140487192524,0.03469272188115198,2.877863474156786e-05
5,-73.56886881825754,0.015218508770064402,3.7397157816005985e-05
5,-73.59759601410022,0.02776806575500506,5.000250012500625e-05
5,-73.56542855974253,0.039165548631252885,3.9912193175014965e-05
5,-73.59839970782188,0.026449684854282306,6.35970490969219e-05
5,-72.98170413192402,0.01602649419762522,4.5798030684680556e-05
5,-73.57749548368213,0.022108627559414566,5.6615523976674406e-05
5,-73.57508822637489,0.021629517380396188,5.3149083178315176e-05
5,-64.79496459056713,0.041576759604975776,3.837298541826554e-05
5,-73.58770384998175,0.0316575552863625,3.468849729429721e-05
5,-68.63817827835706,0.010416424169772781,6.35970490969219e-05
5,-69.45331211798663,0.04951339357920461,5.945303210463734e-05
5,-73.58116831957534,0.03372873426483204,6.251953735542357e-05
5,-73.57121391985416,0.01492147289472933,3.9912193175014965e-05
5,-73.56842776832684,0.04015319870966545,2.8461647929415115e-05
5,-71.10284481763563,0.009521781511672983,7.072135785007072e-05
5,-72.8453167846705,0.02516995101567107,5.233410090014654e-05
5,-73.59295898691676,0.03327936394398732,6.470397929472663e-05
5,-73.56589686530688,0.04205602405130393,6.147037128104254e-05
5,-73.59662843269744,0.0319507174297919,5.3149083178315176e-05
5,-71.93750190347686,0.030350880347067455,8.93814801573114e-05
5,-70.51336405003455,0.035772747395875056,5.6615523976674406e-05
5,-73.56171450366637,0.04410669722980474,9.324878776575905e-05
5,-72.6554856515938,0.02780104160048169,7.918910357934748e-05
5,-73.65668588134176,0.026724537420289313,4.926108374384237e-05
5,-73.56252110605746,0.04971147177496797,3.304692663582287e-05
5,-73.57998283390447,0.03271149219212098,3.7397157816005985e-05
5,-72.98555989939518,0.04899481760000306,6.701065469409636e-05
5,-73.58610713395288,0.0203138940949534,2.6385224274406334e-05
5,-73.57303453752235,0.041178430314560664,5.8482952219428036e-05
5,-73.59742284090348,0.04226653035316215,4.6459765842780154e-05
5,-73.56960213115038,0.027056591338950404,3.5556819798037265e-05
5,-73.57689471820501,0.026508074470832338,5.571651437486071e-05
5,-73.58446057389416,0.018798116634072052,5.3149083178315176e-05
5,-72.78233558083875,0.012323251795210814,5.7537399309551206e-05
5,-73.58705022757765,0.0346705251756001,4.044652968775279e-05
5,-73.55938565999557,0.02832264182028245,6.944926731022988e-05
5,-73.60787173648365,0.038610376784288664,3.2270556344391374e-05
5,-73.53671784636151,0.028935961075515135,3.938868756893021e-05
5,-73.5467420737886,0.022862832974611065,2.6954177897574123e-05
5,-73.57190201924374,0.03805567523308202,3.265519380857525e-05
5,-73.61064274309786,0.03305115627007513,3.044788843893676e-05
5,-69.37483466822488,0.043985600269323175,0.00012987012987012987
5,-73.58280202548244,0.02856219525029547,2.877863474156786e-05
5,-73.64397177418988,0.04433567408602959,4.926108374384237e-05
5,-73.57657484733764,0.02549650648260094,4.713646005185011e-05
5,-73.59359361783812,0.047132781949694745,3.2270556344391374e-05
5,-73.62510178567533,0.023009552624258935,4.926108374384237e-05
5,-73.57266672645846,0.029458171380032604,4.6459765842780154e-05
5,-73.57212518954579,0.03127483025275003,2.6385224274406334e-05
5,-73.58212980684887,0.029259171343617354,2.6667377796741245e-05
5,-73.5837677440471,0.02079901045656356,3.2270556344391374e-05
5,-73.57801732164853,0.029530407162852587,5.3149083178315176e-05
5,-67.28969189181069,0.017885330792762357,2.5301082886347536e-05
5,-73.57338111426515,0.04237367158398241,3.152187618207036e-05
6,-75.16566173479754,0.007691841492353791,2.6667377796741245e-05
6,-72.6304022410823,0.011902738286757673,3.6003600360036005e-05
6,-72.02048334895338,0.0293681809781242,4.389815627743635e-05
6,-72.79907156590414,0.022478915482961284,4.926108374384237e-05
6,-72.61323139751974,0.014171027354413657,2.8149983110010135e-05
6,-75.14471003778074,0.04816008056473521,3.8875714341251024e-05
6,-72.78091072805842,0.02612492011538621,4.5798030684680556e-05
6,-71.16655471882825,0.04380891309104443,7.476635514018692e-05
6,-70.1917244011947,0.025813604443166122,4.269854824935952e-05
6,-75.16497118401611,0.0032039685117523594,3.837298541826554e-05
6,-72.58852862650832,0.03637615252911598,5.945303210463734e-05
6,-71.08544330844154,0.03614156791682979,3.938868756893021e-05
6,-72.5858265439851,0.014886895754911367,4.044652968775279e-05
6,-66.941167946825,0.006496002681814564,4.099200655872105e-05
6,-72.66101066615059,0.027252894879506304,5.398402072986396e-05
6,-72.58935781450666,0.043730734821186557,5.398402072986396e-05
6,-75.15996962908217,0.024020914222247208,7.072135785007072e-05
6,-68.15764467096798,0.01518379937119335,5.8482952219428036e-05
6,-72.63934430183085,0.022176304060848168,6.147037128104254e-05
6,-75.1640155602379,0.010467454148794186,5.571651437486071e-05
6,-71.22027608152848,0.0394531094389276,0.00012653422750854106
6,-72.62314198927812,0.03063891132030336,5.945303210463734e-05
6,-75.17112221871858,0.049671701534273846,4.926108374384237e-05
6,-72.58817927847078,0.024731673173692983,6.821282401091406e-05
6,-72.60526352023149,0.02913546144739658,5.571651437486071e-05
6,-75.15652395969677,0.020958690540625123,5.398402072986396e-05
6,-75.17392595577684,0.0016875200778660696,4.389815627743635e-05
6,-72.60050799148377,0.00717726756035679,5.076142131979695e-05
6,-75.14159026412926,0.04371417413442638,5.945303210463734e-05
6,-72.59537838527125,0.04570973543256686,6.251953735542357e-05
6,-72.60436303892808,0.0178692326675106,2.8461647929415115e-05
6,-75.16488213636771,0.04407573445027757,6.470397929472663e-05
6,-65.59021572634836,0.01300997052150904,4.32919173990216e-05
6,-72.57358885756543,0.04464663749373348,5.233410090014654e-05
6,-72.57543573393832,0.04614316244198882,3.69235313665399e-05
6,-75.1519031871662,0.0011993037426815815,3.1157501168406295e-05
6,-72.58533498548971,0.03450686702249817,5.233410090014654e-05
6,-72.5925876244545,0.016969868335348984,3.788022273570969e-05
6,-75.16569646103034,0.03845682265846455,5.6615523976674406e-05
6,-72.58272885008665,0.04246714086828293,5.6615523976674406e-05
6,-75.15910645169262,0.017665975728709954,3.788022273570969e-05
6,-69.2426535967597,0.02322149202461931,3.152187618207036e-05
6,-75.16301497971409,0.017311348747506103,5.4839594187003014e-05
6,-75.15744523554025,0.011735272482452718,3.304692663582287e-05
6,-75.15844305723783,0.011798726563742527,4.451765124872012e-05
6,-71.24492605141165,0.031481240402566,3.5556819798037265e-05
6,-72.63811445746819,0.03391406954849742,3.1157501168406295e-05
6,-72.66117516914365,0.03203680951035895,4.515080368430558e-05
6,-72.6590008345901,0.028663230760659256,4.154894465680572e-05
6,-75.16216147403091,0.013005434739949952,0.00010913456291607552
6,-75.16827801691343,0.0018218649680684573,5.153842189352162e-05
6,-75.16004182170255,0.03839171950551355,6.35970490969219e-05
6,-72.67851413387496,0.04617726898224321,2.55656397801355e-05
6,-72.6169194996631,0.019331582657494118,3.468849729429721e-05
6,-75.14405893240715,0.03728952321246289,2.3327423719324437e-05
6,-71.11212511125078,0.0343615139185423,0.00010913456291607552
6,-75.16855911221417,0.012839005277838952,7.476635514018692e-05
6,-70.77073932074993,0.03634180492453146,7.072135785007072e-05
6,-70.05272568413751,0.02577481875480228,0.00011448196908986835
6,-72.64911804169174,0.04643988917847985,8.93814801573114e-05
6,-68.32643700059185,0.032115545355590885,5.398402072986396e-05
6,-72.66167942888329,0.04964283979666975,3.34459346466437e-05
6,-72.92571970626668,0.008349553701145972,6.944926731022988e-05
6,-72.59953559552076,0.013411629613028667,9.957184108334163e-05
6,-75.15442496016466,0.004811986301069949,8.754267705506434e-05
6,-75.15836107085117,0.007005064614962269,8.754267705506434e-05
6,-72.56525768480833,0.039881707889794435,4.154894465680572e-05
6,-75.15741095501366,0.015092066774077156,4.099200655872105e-05
6,-72.57957320576236,0.032425609113855704,8.075587498990552e-05
6,-67.22429733415098,0.020176320687491478,3.9912193175014965e-05
6,-75.16654453208366,0.020143542928416296,9.528346831824679e-05
6,-75.15904669801009,0.00885879391843432,0.00010660980810234541
6,-72.63911547217027,0.02390836140794252,7.33783387144115e-05
6,-75.1318213040784,0.04718806616849777,2.0208960653153607e-05
6,-75.1555488249409,0.04766712323776487,0.00010913456291607552
6,-72.62564822848651,0.02044914274398471,1.830831197363603e-05
7,-64.2089357748605,0.046233427433342585,7.203054094936253e-05
7,-70.08192654122378,0.03482430831667846,2.9762790559242836e-05
7,-73.37858919978402,0.02032151894731528,4.6459765842780154e-05
7,-70.08879780812526,0.04700955151547762,2.724572923194289e-05
7,-68.37528359214244,0.034634915485093246,5.6615523976674406e-05
7,-73.38662087224465,0.016331296202695657,2.5834452826289138e-05
7,-70.98522951024376,0.04674010463076819,4.8536620880454306e-05
7,-67.52987370128307,0.0405612881563291,2.942907592701589e-05
7,-73.37709646917838,0.027655769100752615,5.945303210463734e-05
7,-70.10067576513745,0.04022120289431631,3.511852502194908e-05
7,-73.40533173087542,0.009144527712559924,8.075587498990552e-05
7,-70.10005751774503,0.03726519910626146,5.153842189352162e-05
7,-70.08039663453333,0.046522562912164125,3.189284005740711e-05
7,-68.23140340876995,0.026751559388524776,3.426652503169654e-05
7,-70.07283061248066,0.026490357037025007,6.251953735542357e-05
7,-65.16854254627779,0.012843403217138661,6.584145377929945e-05
7,-73.392920826681,0.014996236034928705,5.3149083178315176e-05
7,-73.39708718790928,0.011924356063450488,7.33783387144115e-05
7,-66.26698143720083,0.011659431558593732,4.044652968775279e-05
7,-70.12081486716343,0.045847926283756654,4.713646005185011e-05
7,-73.38691952474419,0.02425810905047289,6.944926731022988e-05
7,-70.09563269315194,0.03462596285365279,4.451765124872012e-05
7,-70.10313041416808,0.023154865171851516,8.754267705506434e-05
7,-68.15574491837381,0.033465539052851365,5.233410090014654e-05
7,-70.10797041974777,0.035762473141274606,5.8482952219428036e-05
7,-73.45123738514471,0.025726673128939552,4.926108374384237e-05
7,-70.08411291540389,0.023313785786447955,7.33783387144115e-05
7,-70.11399238064087,0.04018898445929859,4.451765124872012e-05
7,-70.0992541335828,0.030704378777047885,4.7828582360818826e-05
7,-70.08445213367776,0.023756787713452195,5.3149083178315176e-05
7,-73.41794088918317,0.01827783446950841,6.944926731022988e-05
7,-73.45733583881886,0.026520475567141925,4.926108374384237e-05
7,-70.13159570213638,0.04827333582428621,6.584145377929945e-05
7,-70.10417931715199,0.04799231310262714,4.713646005185011e-05
7,-68.38862702057895,0.0387039733636662,4.8536620880454306e-05
7,-70.10115492468177,0.017622795640270795,8.237232289950576e-05
7,-70.11615605942548,0.03222307770466183,6.35970490969219e-05
7,-70.09746024674104,0.021299476884162075,5.571651437486071e-05
7,-70.06149305877108,0.0468118959596487,5.571651437486071e-05
7,-69.8753524000957,0.008265331550545726,6.044852807834129e-05
7,-66.04452053847066,0.012440895715382205,6.044852807834129e-05
7,-70.08350124961734,0.025534150011495282,4.451765124872012e-05
7,-70.09257990428085,0.03487723597782573,6.584145377929945e-05
7,-70.085137942718,0.04679577703120746,7.918910357934748e-05
7,-68.88595407032955,0.030490649850166893,4.6459765842780154e-05
7,-73.37893710314817,0.016598023396913547,0.00011448196908986835
7,-70.08573876619742,0.04531597995631763,0.00010183299389002037
7,-70.08492293243782,0.01814679149848764,0.00010183299389002037
7,-70.0814707691028,0.029833524071090564,8.237232289950576e-05
7,-73.39507411017009,0.027038516658182743,7.766990291262136e-05
7,-65.6199508352017,0.013806641677759515,9.528346831824679e-05
7,-66.91486182490726,0.03550780249243543,5.000250012500625e-05
7,-70.07171491142057,0.0450011887461513,0.00012987012987012987
7,-70.09516702946088,0.018545290388378922,7.33783387144115e-05
7,-72.93002606738541,0.019549353374276393,2.724572923194289e-05
7,-70.10442874986497,0.02072149828545363,7.203054094936253e-05
7,-73.19957499637044,0.015362918226982237,0.00012653422750854106
7,-70.11379252314137,0.0266744871167144,2.1579628830384117e-05
7,-68.41721599955733,0.04251721815429407,6.944926731022988e-05
7,-73.38520569139357,0.026220869452610502,3.837298541826554e-05
7,-70.10161421623803,0.039984220999587185,2.942907592701589e-05
7,-70.05758571073983,0.04846344061736585,5.3149083178315176e-05
7,-70.07172502959017,0.04609777856269652,3.0799556486386595e-05
7,-73.40987512913144,0.03120191167359585,0.00012026458208057727
7,-67.51243882378583,0.01023936288595364,0.00010183299389002037
7,-70.10068888391058,0.026075749767495042,4.154894465680572e-05
7,-70.07552786318027,0.015416222344374134,0.00012987012987012987
7,-70.08460309223224,0.04310477653660538,0.00012987012987012987
7,-70.09688595276917,0.027670844185850307,8.754267705506434e-05
7,-70.12023100912111,0.029039113763172187,0.00011175681716584712
7,-70.12798030356439,0.042673925775761457,6.821282401091406e-05
7,-70.11089362006425,0.027502796638429697,7.072135785007072e-05
7,-65.28846724638167,0.04827373444092949,3.34459346466437e-05
7,-65.43926392093827,0.013983333016253026,3.8875714341251024e-05
7,-64.95815536495212,0.04135267793461513,0.00011731581417175035
7,-70.08379108139296,0.024218592556234906,7.33783387144115e-05
7,-67.21927054497561,0.021734731129375812,5.7537399309551206e-05
7,-70.13285909099703,0.0298197777019198,3.468849729429721e-05
8,-72.45071896923986,0.006924736382858371,4.926108374384237e-05
8,-70.8396693688861,0.042130245563632894,3.044788843893676e-05
8,-67.44164734911543,0.013493847038837747,6.470397929472663e-05
8,-70.83336481672067,0.017709420874899996,0.00012026458208057727
8,-64.80830158480833,0.03188670990032769,6.701065469409636e-05
8,-66.15078246165697,0.021840460920890536,5.3149083178315176e-05
8,-72.44475217856058,0.048138609379123225,5.6615523976674406e-05
8,-62.64770027341218,0.01240013545786571,3.0102347983142685e-05
8,-70.82879277504776,0.029733887827372005,6.35970490969219e-05
8,-72.44945532435547,0.02549125530235289,3.468849729429721e-05
8,-72.42931367809976,0.0424322596420304,4.389815627743635e-05
8,-69.44061836158029,0.009617801220324771,3.8875714341251024e-05
8,-70.87422005114104,0.01389763654236691,5.945303210463734e-05
8,-72.4599004824169,0.02481201847584054,3.3852403520649966e-05
8,-70.85760385109198,0.02089766379277923,4.7828582360818826e-05
8,-72.45946464583797,0.02766431325596177,7.33783387144115e-05
8,-70.85950495315784,0.021206780952265494,4.044652968775279e-05
8,-72.45325522458228,0.020780566342598922,6.701065469409636e-05
8,-67.20191029968667,0.011494291694522991,3.426652503169654e-05
8,-70.86691523441266,0.005915378292662597,4.389815627743635e-05
8,-65.83618872016913,0.01461277187874038,4.713646005185011e-05
8,-70.87486483192885,0.012446882002284108,4.154894465680572e-05
8,-72.44085339500279,0.04361591490390477,3.788022273570969e-05
8,-68.59108097500342,0.021228251124647664,0.00011731581417175035
8,-70.84691786639382,0.03166461924393577,3.34459346466437e-05
8,-70.86956072692603,0.007991017196720797,0.00012653422750854106
8,-70.85400602263525,0.04706319247507855,3.6459092897768706e-05
8,-72.45349520804385,0.014120503109122058,8.576329331046312e-05
8,-70.8881510864888,0.010422671421961231,6.044852807834129e-05
8,-72.45538429758732,0.04655230298605244,4.515080368430558e-05
8,-70.87732338156735,0.03419827955763434,4.515080368430558e-05
8,-70.86357622936765,0.020976733773165314,4.5798030684680556e-05
8,-72.43775756128397,0.03158100657289335,4.451765124872012e-05
8,-70.26517817397763,0.0044591033235200465,4.211767678894832e-05
8,-72.46505440211206,0.007997382222667365,5.7537399309551206e-05
8,-72.45865471781622,0.02919040510886944,6.044852807834129e-05
8,-72.48666614194501,0.018608505086430152,7.918910357934748e-05
8,-70.22783531643357,0.006236701027112157,0.00010417751849150954
8,-72.45542937072435,0.01670501752023886,6.821282401091406e-05
8,-70.85623685130102,0.04521264832638808,6.821282401091406e-05
8,-72.44561881850578,0.006180967406102654,5.076142131979695e-05
8,-72.44506419658421,0.018723428893893706,8.576329331046312e-05
8,-72.4544252062777,0.020613938966074708,5.7537399309551206e-05
8,-72.45738519908934,0.03810397012435764,5.945303210463734e-05
8,-70.87838987954089,0.002389628232397299,4.389815627743635e-05
8,-70.864611494259,0.03601729607195325,5.945303210463734e-05
8,-72.44200540387435,0.04594836518557278,5.8482952219428036e-05
8,-72.47317494131211,0.013319559417634828,8.93814801573114e-05
8,-70.83776695330164,0.03742018385560437,7.619628162145687e-05
8,-70.86759620126425,0.009234349804180624,6.044852807834129e-05
8,-70.85876734637404,0.031623440665115105,6.35970490969219e-05
8,-72.44405381524359,0.012761329456433122,4.7828582360818826e-05
8,-68.56950213879706,0.024552887935066162,6.821282401091406e-05
8,-70.8463492991547,0.040144614991536515,8.576329331046312e-05
8,-72.45293096151897,0.014178736048958043,5.6615523976674406e-05
8,-70.83704941435215,0.041588054441608166,4.451765124872012e-05
8,-70.87007387317504,0.007469517816091211,6.584145377929945e-05
8,-70.86494589372512,0.02631212648180913,5.3149083178315176e-05
8,-72.41462148956052,0.012460771698404639,5.6615523976674406e-05
8,-72.43952506961394,0.007834123968546828,7.918910357934748e-05
8,-72.45922366256379,0.027017800172795172,5.7537399309551206e-05
8,-72.42527182742674,0.011032461456807956,4.926108374384237e-05
8,-65.85340165558844,0.04810489435719359,6.044852807834129e-05
8,-70.84582125730421,0.01496398961706384,7.619628162145687e-05
8,-72.45933214604081,0.021034921238690087,4.926108374384237e-05
8,-70.83179200785915,0.003452937291685481,6.821282401091406e-05
8,-69.082379978411,0.04289255971998631,5.4839594187003014e-05
8,-68.48072323292665,0.007527919151360351,3.511852502194908e-05
8,-72.411501416351,0.009367482948010382,4.32919173990216e-05
8,-70.86736312557767,0.010878509128838344,7.072135785007072e-05
8,-72.4448504818877,0.037398937084371614,9.738994935722633e-05
8,-70.87726687589827,0.0034774792094407216,0.00012653422750854106
8,-72.45724610491845,0.034751636378226404,2.4532051124794544e-05
8,-70.86696180073665,0.03572683662284119,2.3327423719324437e-05
8,-72.4472099003924,0.04263742235520519,3.426652503169654e-05
8,-72.44827575461608,0.04213319481125992,2.356101123860236e-05
8,-70.86273556855892,0.006821485651758511,6.701065469409636e-05
8,-72.44550592074704,0.008099870600297415,4.099200655872105e-05
8,-67.14993708516347,0.013865593209997345,5.945303210463734e-05
8,-72.44725520888387,0.029876543918304937,2.242755898448013e-05
8,-70.84893926675849,0.03255736451953567,5.233410090014654e-05
8,-72.4007072609346,0.025725970042420214,0.00011448196908986835
8,-70.16261860715436,0.025072513550506437,4.713646005185011e-05
8,-67.06226616909933,0.011214758461410096,9.738994935722633e-05
8,-70.05102152568077,0.03962065606707457,9.957184108334163e-05
8,-72.46481721129018,0.013278335052828955,7.203054094936253e-05
8,-70.85387396787797,0.009794960655424467,7.918910357934748e-05
8,-72.44275747479759,0.0355825981171589,7.619628162145687e-05
8,-72.4235920806647,0.04055139404380853,3.837298541826554e-05
8,-72.47183262300148,0.03226269952192522,0.00012026458208057727
8,-72.43958134664098,0.022648787203373637,6.044852807834129e-05
8,-72.46796624486512,0.027394344048808382,0.00012653422750854106
8,-70.8670733213017,0.00726037291571896,2.6667377796741245e-05
8,-72.46043126251385,0.019015406146705348,0.00012653422750854106
9,-70.61373208731723,0.03811187822505398,9.128251939753537e-05
9,-73.39079768276912,0.022847733554702522,8.075587498990552e-05
9,-73.41909121038917,0.013037158625886915,4.211767678894832e-05
9,-73.01747095777665,0.04880638800445921,2.610761559146803e-05
9,-72.82363335517061,0.026034437504344435,2.9101068009195936e-05
9,-73.39165963622337,0.009614145684601904,3.0102347983142685e-05
9,-73.40126812359213,0.009153389367091253,4.211767678894832e-05
9,-73.41125361936494,0.030128071768827723,2.9762790559242836e-05
9,-71.79748126798701,0.04646049509027732,2.4283632831471587e-05
9,-73.01688654080908,0.04375297319258873,3.938868756893021e-05
9,-73.4021708815596,0.025966465173031653,3.2270556344391374e-05
9,-72.99937969397529,0.03882058125032426,2.8149983110010135e-05
9,-73.39029807471161,0.016713230628716786,4.713646005185011e-05
9,-73.40143790859057,0.015178110782531475,2.5040691123074996e-05
9,-73.43656606878352,0.028323704546449818,3.511852502194908e-05
9,-73.40634117648307,0.036913252083534326,3.0102347983142685e-05
9,-73.38785638085518,0.0354849098624722,3.265519380857525e-05
9,-70.30984027325343,0.014267784700562284,5.398402072986396e-05
9,-73.43143729555825,0.022532193168922954,3.189284005740711e-05
9,-73.38759063175543,0.03857425394168185,3.8875714341251024e-05
9,-72.80203569277086,0.024674541475071417,2.9101068009195936e-05
9,-73.39638033451095,0.03878490309343359,2.8461647929415115e-05
9,-73.3785236956472,0.026410582142109434,4.389815627743635e-05
9,-73.41370461744204,0.02845456879374213,4.32919173990216e-05
9,-68.89950246155502,0.012524084981832507,3.304692663582287e-05
9,-64.14353036868644,0.016024817127604923,3.426652503169654e-05
9,-70.62064054985066,0.03146213878730824,3.9912193175014965e-05
9,-73.03346635156348,0.04053141091204571,2.7542139473394292e-05
9,-73.41895723662142,0.013629459971325268,5.076142131979695e-05
9,-67.64468570129146,0.004614089437745847,2.6954177897574123e-05
9,-72.83836027159097,0.030970207943483975,2.8149983110010135e-05
9,-65.34569689746249,0.019908693864891573,3.8875714341251024e-05
9,-73.4109017592472,0.03284214926500137,3.3852403520649966e-05
9,-73.02812854579523,0.023378403409530388,4.451765124872012e-05
9,-73.4077287320322,0.013486876867766926,2.8461647929415115e-05
9,-73.03300422928675,0.012050919229185622,3.2270556344391374e-05
9,-69.86590492169786,0.024331286586288844,4.211767678894832e-05
9,-73.41459256395483,0.04760318669624347,3.788022273570969e-05
9,-73.40677332404196,0.03362506403560817,3.468849729429721e-05
9,-73.3992490742636,0.02249692270981904,3.34459346466437e-05
9,-73.39153650935259,0.047818669207509074,3.69235313665399e-05
9,-64.16394925683304,0.009763048136860575,3.6459092897768706e-05
9,-72.88849520155154,0.005372422169046401,4.5798030684680556e-05
9,-73.3846595677025,0.03154330549290316,3.3852403520649966e-05
9,-73.39489799609382,0.035069304971160106,3.3852403520649966e-05
9,-73.39570701811064,0.016895737903503384,3.788022273570969e-05
9,-71.80398224210113,0.02075797682850871,2.8149983110010135e-05
9,-73.39056822117706,0.03464739062162077,4.154894465680572e-05
9,-71.6132802287579,0.03845953345681076,3.8875714341251024e-05
9,-73.39714630541103,0.04739992760611969,3.468849729429721e-05
9,-70.22146724683414,0.01274606787517309,3.304692663582287e-05
9,-69.2214105946363,0.027461373777623397,3.426652503169654e-05
9,-73.41537714637036,0.028565828089903548,3.6459092897768706e-05
9,-73.03366312524142,0.013123966139993625,4.154894465680572e-05
9,-73.40639177827772,0.018572956725011393,4.044652968775279e-05
9,-72.81467938386481,0.010944699312904742,3.468849729429721e-05
9,-64.58390859385715,0.01133255275050348,5.7537399309551206e-05
9,-73.04677136548528,0.014746072446793126,4.7828582360818826e-05
9,-73.03454372142915,0.035265281793787476,7.766990291262136e-05
9,-73.03492042768306,0.04949143573970882,4.044652968775279e-05
9,-73.02577794686009,0.009764887120442869,4.099200655872105e-05
9,-73.38796573336612,0.03456637694685052,3.3852403520649966e-05
9,-73.78050517931842,0.024929740093943147,9.957184108334163e-05
9,-73.42008928783315,0.026546636027862648,6.251953735542357e-05
9,-66.99393862735036,0.025259347401086533,0.00011731581417175035
9,-73.4128684463333,0.02288354801069204,9.528346831824679e-05
9,-65.01396855440603,0.008661844490453435,6.147037128104254e-05
9,-64.12678698154993,0.02477660826706853,8.404067568703252e-05
9,-73.41173979144784,0.03278046624836762,3.7397157816005985e-05
9,-73.40930420296712,0.02456849008929549,5.153842189352162e-05
