-1.262050039332146323e+00,-1.225098086353065385e+00,-1.105432131398709883e+00,-9.137798044512545070e-01,-6.602375972841455498e-01,-6.341120697820954444e-01,-6.981396316242580724e-01,-7.933922705527051145e-01,-9.112864198437238272e-01,-9.603329150483365106e-01,-1.149663090668154419e+00,-1.222695337090951018e+00,-1.275138535322393629e+00,-1.305739638827639437e+00,-1.297384500882611702e+00,-1.290304568336759772e+00,-1.279627139828317439e+00,-1.269572658260405218e+00,-1.252392793872039389e+00,-1.244746482651023278e+00,-1.241553814371565423e+00,-1.231875475332530501e+00,-1.238874465524447688e+00,-1.239697362688211069e+00,-1.241802153022228072e+00
-1.268029816805188004e+00,-1.237073251877872204e+00,-1.131233960616482070e+00,-9.368225267578548232e-01,-6.986760796027983167e-01,-6.171355041284793952e-01,-7.041264282581969347e-01,-8.003794699581778804e-01,-9.474499032150006661e-01,-1.009329820984622428e+00,-1.159720557305179645e+00,-1.220345983025533210e+00,-1.283662238198512551e+00,-1.304475502203490400e+00,-1.307121025711384110e+00,-1.290207710030045307e+00,-1.279945041011046447e+00,-1.269965508859594916e+00,-1.249007833248540367e+00,-1.244286455153450488e+00,-1.241324678303965534e+00,-1.239341469301241228e+00,-1.239123562873239104e+00,-1.240184744634471370e+00,-1.242550590983919401e+00
-1.273716171209243520e+00,-1.236355265992829633e+00,-1.154643067168534376e+00,-9.626610989588028078e-01,-6.768315918949928678e-01,-6.066265358285434228e-01,-7.228547462365996212e-01,-7.768230855509372645e-01,-9.657332708684344125e-01,-1.032660903198581392e+00,-1.167496502785345003e+00,-1.235820781638802490e+00,-1.288418011835520183e+00,-1.304651231829172531e+00,-1.304790965484003973e+00,-1.289592249589433637e+00,-1.279158089206598126e+00,-1.261378444278504540e+00,-1.248320831451003698e+00,-1.243874837450790638e+00,-1.241135671149666164e+00,-1.239416224540702549e+00,-1.239422750311521382e+00,-1.240727020436759531e+00,-1.243363490664135540e+00
-1.283454788036926031e+00,-1.234642054814736101e+00,-1.172692358822854164e+00,-9.669330544467173993e-01,-6.777823006054917165e-01,-6.087454068447857303e-01,-7.319941223418688914e-01,-8.150818120730093375e-01,-9.921334646740085361e-01,-1.040005670173729690e+00,-1.211498318839447252e+00,-1.256951583413657314e+00,-1.302566403675946560e+00,-1.307879466445773797e+00,-1.303963815234904899e+00,-1.285821203282708547e+00,-1.279565103970989215e+00,-1.261162295401011990e+00,-1.247714282621908310e+00,-1.243500130138906590e+00,-1.247749383023144309e+00,-1.239532488602897109e+00,-1.239770739444228775e+00,-1.241324053588497733e+00,-1.244241190372972872e+00
-1.283405649916761648e+00,-1.240284377910117142e+00,-1.163141645622415954e+00,-9.645418944716449561e-01,-6.804797270158651212e-01,-6.074330283241398121e-01,-7.476388656782272379e-01,-7.957304368720335974e-01,-9.998779055258486537e-01,-1.062160214891998411e+00,-1.208572438002786242e+00,-1.261217682424584208e+00,-1.302438647899726520e+00,-1.308171041230359544e+00,-1.303018691168983612e+00,-1.284938111137859273e+00,-1.280152154369289974e+00,-1.255717468775168433e+00,-1.247153657317273456e+00,-1.248501520077913263e+00,-1.248120302190896869e+00,-1.239701003251100442e+00,-1.240173389366316270e+00,-1.241982569296290695e+00,-1.245186073641645130e+00
-1.288259796093083054e+00,-1.242247036997948140e+00,-1.139677157204347369e+00,-9.563275999087346158e-01,-6.968930653020484201e-01,-6.124241050136443043e-01,-7.405806287173610780e-01,-8.029651259011557629e-01,-1.003951106250324576e+00,-1.061891861981695717e+00,-1.213176296222898687e+00,-1.271654987595091546e+00,-1.303201338334217585e+00,-1.307789055719783322e+00,-1.302381185646129813e+00,-1.285261661427758995e+00,-1.279069488336063154e+00,-1.252372613659566092e+00,-1.250763719722489231e+00,-1.248623167147551616e+00,-1.240570017706155159e+00,-1.239919010681345579e+00,-1.240630986520355750e+00,-1.242699362143177000e+00,-1.246201603982742601e+00
-1.289012524698738504e+00,-1.239094118058310379e+00,-1.137125563041881282e+00,-9.575028141864675435e-01,-6.566272564712121174e-01,-6.012824787218344902e-01,-7.155745644470706823e-01,-8.292507328380850362e-01,-9.834628512944595391e-01,-1.064282062251255434e+00,-1.211509758192070185e+00,-1.280589854215889334e+00,-1.303088951993817801e+00,-1.307658650870705541e+00,-1.300307763227822155e+00,-1.285754657316403593e+00,-1.277690747341713395e+00,-1.254764243489477682e+00,-1.250634860426048434e+00,-1.248807185508724826e+00,-1.240607801511714792e+00,-1.240187280990224350e+00,-1.241142684543699026e+00,-1.243479108015092871e+00,-1.223728313683173363e+00
-1.285095459861044231e+00,-1.254898583623476505e+00,-1.160758521472625260e+00,-9.454502517796676830e-01,-6.337788286647082492e-01,-5.864845902285262813e-01,-6.787223828664343817e-01,-8.484472285554192084e-01,-1.018802742189181432e+00,-1.087438921739820374e+00,-1.200728614276683537e+00,-1.287336792563366528e+00,-1.301014220824457945e+00,-1.307190136344136500e+00,-1.299942202645591571e+00,-1.286403600123503077e+00,-1.273517672335902740e+00,-1.254391957215214237e+00,-1.250577334356929082e+00,-1.249061506593560633e+00,-1.240701493442877501e+00,-1.240509717423677882e+00,-1.241707796700572963e+00,-1.244321731618734939e+00,-1.223546881845531731e+00
-1.287058285682539438e+00,-1.260448574584774217e+00,-1.176764964167998251e+00,-9.718634738635800741e-01,-6.342570830975771123e-01,-5.771811361123333484e-01,-6.981317170636615055e-01,-8.572512925791819782e-01,-1.032504001509996883e+00,-1.092265118355478348e+00,-1.205201303161207882e+00,-1.290414934239056288e+00,-1.303013397142216645e+00,-1.301097463418332989e+00,-1.298958421783174000e+00,-1.287218032828420178e+00,-1.273805281384206456e+00,-1.254088429187618869e+00,-1.250588901472887260e+00,-1.249382915389371629e+00,-1.240841201847945774e+00,-1.240879498130372127e+00,-1.242332041221085426e+00,-1.245229513490666129e+00,-1.223374911376728269e+00
-1.293477860399753876e+00,-1.266767523116832272e+00,-1.175299757192394212e+00,-9.630922653224411878e-01,-6.329842615887706359e-01,-5.416050342363487591e-01,-6.711718098382192244e-01,-8.696551105973281404e-01,-1.047587924687805927e+00,-1.082943720984084424e+00,-1.210384097044056917e+00,-1.294258802918930140e+00,-1.301764985681825637e+00,-1.300621245167433937e+00,-1.300634661666724146e+00,-1.288183190785340715e+00,-1.268756230096481197e+00,-1.253856420367300162e+00,-1.250663058315113707e+00,-1.249774005070420246e+00,-1.241028870656839755e+00,-1.241304132115240488e+00,-1.243015820135120686e+00,-1.246208223833103812e+00,-1.223209309992010274e+00
-1.295562995683135599e+00,-1.258423559864443542e+00,-1.172644200360213773e+00,-9.741004681875617965e-01,-6.560458230905694688e-01,-5.280077336058064397e-01,-6.685698726943661852e-01,-8.723081854102322508e-01,-1.038687539138432037e+00,-1.092880955998974501e+00,-1.213814229756843277e+00,-1.287165323897902836e+00,-1.299606282193022988e+00,-1.308306870664929011e+00,-1.301000694440957561e+00,-1.285465777589035907e+00,-1.259215885428714543e+00,-1.253690677745033843e+00,-1.250807184994440879e+00,-1.242250039953523677e+00,-1.241266449824697027e+00,-1.241783400840311247e+00,-1.243760650488968889e+00,-1.247257006807200419e+00,-1.223052598338590258e+00
-1.293933290950894266e+00,-1.261069144602562808e+00,-1.157057989203778670e+00,-9.478147790525918159e-01,-6.652226246717476421e-01,-5.111037321238325326e-01,-6.812281724887216949e-01,-8.606531715794413229e-01,-1.032112527091950893e+00,-1.086561594367624783e+00,-1.216834532345193676e+00,-1.285523691307001393e+00,-1.296817071802345511e+00,-1.308995346157975526e+00,-1.300316764215684540e+00,-1.284215754074144566e+00,-1.258802043687292871e+00,-1.253589870096402992e+00,-1.251014073090454648e+00,-1.242310093246651981e+00,-1.241556356682784967e+00,-1.242317844715634445e+00,-1.244569622620567140e+00,-1.224095132454030344e+00,-1.222903161142465445e+00
-1.291978928158746154e+00,-1.259509974776644947e+00,-1.164558155185383637e+00,-9.295352032138705090e-01,-6.537278126080628970e-01,-5.322907340729176040e-01,-6.697886789118813189e-01,-8.202386674345847339e-01,-1.042964769654970647e+00,-1.069328913071161402e+00,-1.228038591907403942e+00,-1.279954847975764975e+00,-1.296513901005612368e+00,-1.309423178537174604e+00,-1.300876371216220351e+00,-1.278062049880921203e+00,-1.258464199818770224e+00,-1.253557221977807057e+00,-1.251288743863175457e+00,-1.242420337880253634e+00,-1.241899607569629360e+00,-1.242911627342869751e+00,-1.245444335273848457e+00,-1.223915326573554507e+00,-1.222760289133820510e+00
-1.297400804939304209e+00,-1.264267163504219305e+00,-1.149121676609526910e+00,-9.216392808332001252e-01,-6.388007420729570063e-01,-5.166415673038656786e-01,-6.617245547560111074e-01,-7.942296338315861792e-01,-1.029126352226042762e+00,-1.065297222909186381e+00,-1.231648923243337634e+00,-1.286532230353870210e+00,-1.297987873399156555e+00,-1.306928426333262561e+00,-1.300015656498366257e+00,-1.275787094526947385e+00,-1.258196853820775285e+00,-1.253592957596983526e+00,-1.251633265270968742e+00,-1.242582448135791662e+00,-1.242296763756892020e+00,-1.243564425796614081e+00,-1.246387026990953606e+00,-1.223743532875999795e+00,-1.222623687576377849e+00
-1.298691559215908287e+00,-1.258615633455025362e+00,-1.143294150977943957e+00,-9.592154596865594129e-01,-6.566753701424271616e-01,-4.966521972253259420e-01,-6.397512331914444461e-01,-8.063149893003821456e-01,-1.027644186645273461e+00,-1.066196763892233168e+00,-1.226665172923938618e+00,-1.278114030422279779e+00,-1.296917297290597126e+00,-1.306817917058716638e+00,-1.301300958593904822e+00,-1.270380739183535335e+00,-1.258001820326496212e+00,-1.253697459327080432e+00,-1.252048697000294641e+00,-1.242796321741944210e+00,-1.242748268524904498e+00,-1.244278395893147149e+00,-1.247400069616208640e+00,-1.223579854577704795e+00,-1.222493749406256658e+00
-1.299155752114708573e+00,-1.271493494081814113e+00,-1.152835847847106354e+00,-9.323754431686811506e-01,-6.765175961055700515e-01,-5.014346559516605906e-01,-6.264874136332551080e-01,-8.024215362049745837e-01,-1.043114660014002659e+00,-1.083547857181078156e+00,-1.222785449129718982e+00,-1.280676199143716776e+00,-1.292497259913244489e+00,-1.303975991040398519e+00,-1.299131179096688404e+00,-1.270185853421841982e+00,-1.257892271793953798e+00,-1.253875427706174328e+00,-1.244552297650431960e+00,-1.243059006341985073e+00,-1.243254441525740717e+00,-1.245054825232069229e+00,-1.224802812788420736e+00,-1.223423881837977456e+00,-1.222369723758267357e+00
-1.297330591716566062e+00,-1.260744665315879365e+00,-1.139789542294869173e+00,-9.567728507096240342e-01,-6.530737671834461189e-01,-4.956573396390308583e-01,-6.227419896699525337e-01,-7.941029775897027188e-01,-9.852284433270517283e-01,-1.080380910476687051e+00,-1.233498051319173783e+00,-1.279362225428034794e+00,-1.290529421593983539e+00,-1.300853794961418730e+00,-1.298915254544595443e+00,-1.280690546606879421e+00,-1.257850089783586922e+00,-1.254126689339751355e+00,-1.244644888824883111e+00,-1.243377381304877183e+00,-1.243819631037449636e+00,-1.245895185472226885e+00,-1.224616386496657050e+00,-1.223274712009025045e+00,-1.222251055751543358e+00
-1.301035344966926521e+00,-1.270462188445796947e+00,-1.156753646589833151e+00,-9.429712221306149056e-01,-6.689269579744747674e-01,-4.870104096407961158e-01,-5.985801404284640803e-01,-7.966401559247321407e-01,-9.696682886104390775e-01,-1.098290632920308152e+00,-1.226366018038838712e+00,-1.259358998012863662e+00,-1.285897819375759532e+00,-1.297556368540889959e+00,-1.297352720127704195e+00,-1.280131627609983225e+00,-1.257882129651553216e+00,-1.254455791196585679e+00,-1.244805062269266571e+00,-1.243752321271048400e+00,-1.244444294218275626e+00,-1.246804731281903056e+00,-1.224438978987303583e+00,-1.223133091831720032e+00,-1.222138334163550777e+00
-1.301844708271062023e+00,-1.264109952409034898e+00,-1.114638629575908757e+00,-9.293675390675844028e-01,-6.700437935168147563e-01,-4.844085068013432305e-01,-5.766614811712600375e-01,-7.825323538942863255e-01,-9.300313964180997317e-01,-1.061247817261985693e+00,-1.194045266191418708e+00,-1.247993682360464929e+00,-1.284571356465320280e+00,-1.294952995798740236e+00,-1.294249293458245686e+00,-1.279670940534380241e+00,-1.257988868783069369e+00,-1.254843555359782314e+00,-1.245005478880081284e+00,-1.244186316711311191e+00,-1.245128375702408086e+00,-1.247784517388036640e+00,-1.224271319585393814e+00,-1.222999939613764520e+00,-1.222030964592679680e+00
-1.303426746360147215e+00,-1.264220935899655451e+00,-1.096671731558313878e+00,-9.187809580759158656e-01,-6.644348834451104802e-01,-4.793402909080380914e-01,-5.525027791779235642e-01,-7.664085398969091578e-01,-9.494940185756339801e-01,-1.063053893394568572e+00,-1.202207909573605127e+00,-1.246096749290526384e+00,-1.279774689224569828e+00,-1.294177517051783077e+00,-1.288910848150728539e+00,-1.279318488859694014e+00,-1.258185608609897255e+00,-1.255313489512525305e+00,-1.245248223513411467e+00,-1.244673237647842878e+00,-1.245877288943922467e+00,-1.248837236050694521e+00,-1.224112315780180094e+00,-1.222871900186895733e+00,-1.221929457230848337e+00
-1.303348584323986481e+00,-1.256356799846096051e+00,-1.106291063908481975e+00,-8.940674380345975392e-01,-6.416088707547481507e-01,-4.752864347329457395e-01,-5.393170629277338479e-01,-7.512038350366569972e-01,-8.879420866619756048e-01,-1.072970296564542458e+00,-1.192000078297171806e+00,-1.245809627188511071e+00,-1.279661986380926209e+00,-1.291625517766032960e+00,-1.287578585923911723e+00,-1.279055810890973977e+00,-1.258437768537536749e+00,-1.247891067959500999e+00,-1.245560620444373212e+00,-1.245222062586971656e+00,-1.246694075779392064e+00,-1.225551796751760403e+00,-1.223958850819119704e+00,-1.222751200522020243e+00,-1.221833046050632365e+00
-1.299344180986625075e+00,-1.251393840419807502e+00,-1.122634079641580351e+00,-8.900789244304676551e-01,-6.175173830597235902e-01,-4.533806589617944138e-01,-4.817842421786645013e-01,-7.469196806136239042e-01,-8.657896636273538782e-01,-1.056164811363420775e+00,-1.186641620301541078e+00,-1.241460282248556313e+00,-1.281520961521886548e+00,-1.291021870238215907e+00,-1.286159044678936603e+00,-1.282873611347401299e+00,-1.258764893319429090e+00,-1.248041860919703039e+00,-1.245925303357249270e+00,-1.245828203576766269e+00,-1.247584704857742866e+00,-1.225377594377902613e+00,-1.223815904839280044e+00,-1.222637936660031288e+00,-1.221740639751674129e+00
-1.295226977493380449e+00,-1.240846968589216059e+00,-1.102878763332971745e+00,-8.804859148606259955e-01,-5.901263887802102870e-01,-4.582383927759650644e-01,-4.740641826794288471e-01,-7.353506439518323612e-01,-8.365515942004362326e-01,-1.056668499653822924e+00,-1.167337458902464764e+00,-1.248534422777639596e+00,-1.271172265057875617e+00,-1.282660081111421047e+00,-1.283890967817780782e+00,-1.275265409392121851e+00,-1.259146507153698247e+00,-1.248249087310999261e+00,-1.246375926511167354e+00,-1.246504720971344904e+00,-1.248544217403415146e+00,-1.225205123900569903e+00,-1.223680714988827356e+00,-1.222527079587767185e+00,-1.221654723611203419e+00
-1.274281102952786959e+00,-1.227738078857670168e+00,-1.087039186877651664e+00,-8.343331747281840238e-01,-6.045384075968017745e-01,-4.244451701909991992e-01,-4.564198767129472034e-01,-7.045535730397621821e-01,-8.261898418276429901e-01,-1.038871017968194810e+00,-1.160350533719481048e+00,-1.257812159830840271e+00,-1.271569638675058345e+00,-1.278917170925205404e+00,-1.282099168564009073e+00,-1.274355921370022404e+00,-1.259624872077594659e+00,-1.248505008164499053e+00,-1.246866251655952551e+00,-1.247242345257918883e+00,-1.249571000609077664e+00,-1.225051464679175028e+00,-1.223551163179108947e+00,-1.222424386482069414e+00,-1.221569304274690015e+00
-1.275389638871939901e+00,-1.211327641575743019e+00,-1.103527918653014472e+00,-8.186564500997622895e-01,-5.876750012969808035e-01,-3.900731900869807145e-01,-4.766259843141605335e-01,-6.873700196421568265e-01,-7.730163041777725619e-01,-1.019848299652775347e+00,-1.158711679964356644e+00,-1.262995770414066632e+00,-1.271619425790043723e+00,-1.271175641985680116e+00,-1.273430457643735192e+00,-1.267382747300706436e+00,-1.260208858170125401e+00,-1.248836758147142900e+00,-1.247397554390570873e+00,-1.248062040149646723e+00,-1.226868711638498421e+00,-1.224899931031047995e+00,-1.223426552468134920e+00,-1.222325814036620661e+00,-1.221493416267895649e+00
